FG_MODULE, 10/16/2017 11:22:10 PM , Got response
FG_MODULE, 10/16/2017 11:22:10 PM , Called to acquire frame
FG_MODULE, 10/16/2017 11:23:27 PM , Got response
FG_MODULE, 10/16/2017 11:23:27 PM , Called to acquire frame
FG_MODULE, 10/16/2017 11:23:47 PM , Got response
FG_MODULE, 10/16/2017 11:23:47 PM , Called to acquire frame
FG_MODULE, 10/16/2017 11:24:54 PM , Got response
FG_MODULE, 10/16/2017 11:24:54 PM , Called to acquire frame
FG_MODULE, 10/16/2017 11:26:22 PM , Got response
FG_MODULE, 10/16/2017 11:26:22 PM , Called to acquire frame
FG_MODULE, 10/16/2017 11:26:36 PM , Got response
FG_MODULE, 10/16/2017 11:26:36 PM , Called to acquire frame
FG_MODULE, 10/16/2017 11:27:12 PM , Got response
FG_MODULE, 10/16/2017 11:27:12 PM , Called to acquire frame
FG_MODULE, 10/16/2017 11:27:46 PM , Got response
FG_MODULE, 10/16/2017 11:27:46 PM , Called to acquire frame
FG_MODULE, 10/16/2017 11:35:37 PM , Called to acquire frame
FG_MODULE, 10/16/2017 11:35:43 PM , Got response
FG_MODULE, 10/16/2017 11:36:55 PM , Called to acquire frame
FG_MODULE, 10/16/2017 11:37:01 PM , Got response
